url;category;age;academic_level;years_of_experience;civil_status;dependents;sector;location;number_of_employees;multinational;current_position;years_in_the_company;hours_of_work;shift_work;oncall;personal_time_off;salary;monthly_gross;anual_gross
https://www.reddit.com/r/PTOrdenado/comments/174u3rq/motorista_de_pesados/;Outro;22;Curso profissional n√≠vel 4. Gest√£o e programa√ß√£o de sistemas inform√°ticos;1;Solteiro;0;Setor privado - Transporte rodovi√°rio de mercadorias;Aveiro;1200;N√£o;Motorista de Pesados;1;40;Depende da carga que tenha, algumas tem hor√°rios normais outras n√£o;N√£o;22 dias de f√©rias legais;1264,54/m√™s (17276 brutos/ano);1264,54/m√™s;17276 brutos/ano
https://www.reddit.com/r/PTOrdenado/comments/174klrx/sub_chefe_cozinha/;;30;"Licenciatura em Gestao Hoteleira;";7;Casado;1;Sector Privado - Ind√∫stria Hoteleira;Alto Alentejo;80;N√£o;Sub chefe de cozinha;4;40;;N√£o;22 dias de f√©rias legais + 8 dias extras;2200‚Ç¨/m√™s (30800‚Ç¨);2200‚Ç¨/m√™s;30800‚Ç¨
https://www.reddit.com/r/PTOrdenado/comments/174j7ae/engenheiro_de_software/;IT / Programa√ß√£o;;Licenciatura em Engenharia Inform√°tica;;Solteiro;;Sector Privado - Sa√∫de;Porto;;;Engenheiro de Software;;;9h as 6h flex√≠vel;;Ilimitado, realisticamente \~30;2300‚Ç¨/m√™s (32 200‚Ç¨/ano);2300‚Ç¨/m√™s;32 200‚Ç¨/ano
https://www.reddit.com/r/PTOrdenado/comments/174ible/senior_developer/;;40;Licenciatura em Inform√°tica e Gest√£o;18;Casado;2;Sector Privado;Lisboa;;Sim;Senior Developer;8;40;9h as 18h;N√£o;22 dias de f√©rias legais + 3 dias extra;3900‚Ç¨/m√™s (54 600‚Ç¨);3900‚Ç¨/m√™s;54 600‚Ç¨
https://www.reddit.com/r/PTOrdenado/comments/174h8pe/programador_s√©niorconsultor_erp/;IT / Programa√ß√£o;32;Licenciatura Eng. Inform√°tica;10;Junto (?);0;Sector Privado;Zona Centro;80;N√£o;Programador S√©nior/Consultor ERP;10;40;9h as 18h;N√£o;22 dias de f√©rias legais;1900‚Ç¨/m√™s (23000‚Ç¨);1900‚Ç¨/m√™s;23000‚Ç¨
https://www.reddit.com/r/PTOrdenado/comments/174dvm5/software_eng/;;30;Lic. em eng. inform√°tica;1;Solteiro;0;Sector Privado;Porto;;Sim;Developer (mid);1;40;9h as 6h com flexiblidade;N√£o;23 dias de f√©rias;2200‚Ç¨/m√™s + 200 S.A;;
https://www.reddit.com/r/PTOrdenado/comments/173yv5o/engenheiro_devops/;IT / Programa√ß√£o;37;Superior;15;casado;1;Sector Privado -Consultoria de IT;Lisboa;900;;DevOps Eng Senior;1;40;10h as 5h.;;22 dias;2770‚Ç¨/m√™s (38800‚Ç¨);2770‚Ç¨/m√™s;38800‚Ç¨
https://www.reddit.com/r/PTOrdenado/comments/173xngc/software_engineer/;IT / Programa√ß√£o;;Mestrado em Engenharia de Software;;Uni√£o de Facto;;Sector Privado;Escrit√≥rio em Lisboa, sede nos EUA;;;Software Engineer;;;9h as 5h flex√≠vel;;22 dias de f√©rias obrigat√≥rios + dias que precisemos ao longo do ano;4640‚Ç¨/m√™s (65000‚Ç¨);4640‚Ç¨/m√™s;65000‚Ç¨
https://www.reddit.com/r/PTOrdenado/comments/173wzpz/junior_consultant/;IT / Programa√ß√£o;29;Licenciatura e mestrado noutra √°rea, bootcamp no Programa UPskill;1;casada;1;Sector Privado - Consultadoria;Lisboa;2000;;consultora num cliente da √°rea das telecomunica√ß√µes (software developer);6;40;9h as 18h;;22 dias de f√©rias legais;1375‚Ç¨/m√™s (19250‚Ç¨);1375‚Ç¨/m√™s;19250‚Ç¨
https://www.reddit.com/r/PTOrdenado/comments/173pr9p/suporte_t√©cnico_l2/;IT / Programa√ß√£o;;12¬∫ ano Professional;;solteiro;;Sector Privado - Ind√∫stria e-comerce;Lisboa;;;suporte t√©cnico;;;9h as 5h;;22 dias de f√©rias legais;2140‚Ç¨/m√™s (30000‚Ç¨);2140‚Ç¨/m√™s;30000‚Ç¨
https://www.reddit.com/r/PTOrdenado/comments/173pms4/senior_software_engineer/;IT / Programa√ß√£o;36;Licenciatura em Engenharia informatica;;Casado;1;Sector Privado;Lisboa;1000;Sim;Senior Software Engineer;1;40;Flex√≠vel;N√£o;22;2900‚Ç¨/m√™s + 600‚Ç¨ AC (\~49500‚Ç¨);;
https://www.reddit.com/r/PTOrdenado/comments/173mm4o/administrador_de_opera√ß√µes_ti/;IT / Programa√ß√£o;22;Redes e Sistemas Inform√°ticos (TESP);2;Uni√£o de facto;0;Sector Privado;Coimbra;221;Sim;T√©cnico de Helpdesk (nome do cargo na payroll);1;40;9h as 5h;N√£o;22 dias de f√©rias legais + 4 dias de cortesia (normalmente para o Natal/passagem de ano);1200‚Ç¨/m√™s (14 400‚Ç¨);1200‚Ç¨/m√™s;14 400‚Ç¨
https://www.reddit.com/r/PTOrdenado/comments/173fg3f/marketing_digital_adops_programmatic_trader/;Marketing / Publicidade;32;Licenciatura em Marketing;8;Solteiro;0;Sector Privado - Ag√™ncia de compra de meios(digital/offline);Lisboa;;Sim;Adops & Programmatic Trader;;35;9h as 18h;N√£o;25 dias de f√©rias (22 legais + 2 pontes por anos e dia de anivers√°rio);1550‚Ç¨/m√™s (21 700‚Ç¨ sem S/A);1550‚Ç¨/m√™s;21 700‚Ç¨ sem S/A
https://www.reddit.com/r/PTOrdenado/comments/173dnju/helpdesk_e_servicedesk/;IT / Programa√ß√£o;22;12¬∞ ci√™ncia e tecnologia + curso de IT (fornecido pelo empregador) + pre-licenciatura em Engenharia inform√°tica;4;Solteiro;0;Sector Publico - For√ßas armadas;Lisboa;1000;N√£o;1¬∞Cabo Operador Inform√°tico;4;35;9h as 5h;Sim;22 dias de f√©rias legais;~1200‚Ç¨/m√™s (16800‚Ç¨) devido ao subs√≠dio de dist√¢ncia (sou do Porto) que termina este ano que s√£o cerca de 70‚Ç¨ por m√™s;;
https://www.reddit.com/r/PTOrdenado/comments/173clqk/t√©cnico_payroll/;Recursos Humanos;28;Licenciatura em Sociologia;;Solteiro;0;Outsourcing (presta√ß√£o de servi√ßos);Lisboa;;;T√©cnico de Payroll;;40;;N√£o;22 dias de f√©rias;1400,00‚Ç¨/m√™s (19600‚Ç¨, adicionando subs√≠dios de f√©rias e natal);1400,00‚Ç¨/m√™s;19600‚Ç¨, adicionando subs√≠dios de f√©rias e natal
https://www.reddit.com/r/PTOrdenado/comments/1737q02/marketing_digital/;Marketing / Publicidade;;Mestrado em Marketing;;Solteira;;Sector Privado - Fabricante de M√°quinas;Braga;;;Digital Marketing Specialist;;;9h as 18h;;22 dias de f√©rias legais;1450‚Ç¨/m√™s (20 300‚Ç¨ sem S/A);1450‚Ç¨/m√™s;20 300‚Ç¨ sem S/A
https://www.reddit.com/r/PTOrdenado/comments/1731dqd/service_desk_coms/;IT / Programa√ß√£o;35;12vo. (Na verdade, tenho forma√ß√£o universit√°ria em √°reas n√£o relacionadas com as TI, mas n√£o a conclu√≠.);4;Casado;1;Sector Privado - Ind√∫stria: Yes (tem muita coisa);Lisboa;1000;;*Service Desk* para um dos departamentos espec√≠ficos de IT (h√° muitos);2;40;;N√£o;22 dias de f√©rias legais + feriados + pontes;\~1700‚Ç¨/m√™s (24.000‚Ç¨);;
https://www.reddit.com/r/PTOrdenado/comments/172vxed/jornalistasubeditor/;Outro;26;Licenciatura em Jornalismo e Informa√ß√£o;6;Uni√£o de Facto;0;Comunica√ß√£o Social;Lisboa;75;N√£o;Jornalista;5;;Turnos de pelo menos 7 horas sempre;;22 dias de f√©rias legais + quantas folgas acumular e se me mexer para as gozar (neste momento s√£o pelo menos 12);900‚Ç¨/m√™s de base (12 600‚Ç¨) + 106‚Ç¨ de subs√≠dio de fun√ß√£o (subeditor);;
https://www.reddit.com/r/PTOrdenado/comments/172h5cn/mdm_analyst/;;30;P√≥s-gradua√ß√£o em gest√£o;2;solteiro;0;Sector Privado-estudos de mercado;Porto;300;Sim;Master Data Management Analyst;1;40;9h √†s 5h flex√≠vel;N√£o;22 dias de f√©rias legais + 5 dias extras;1857‚Ç¨/m√™s (26000‚Ç¨);1857‚Ç¨/m√™s;26000‚Ç¨
https://www.reddit.com/r/PTOrdenado/comments/1724fze/analyst/;;;Mestrado Business Engineering;;Solteiro;;Sector Privado - Logistica;Espanha;;;Analyst;;;9h as 6h flex√≠vel;;24 dias de f√©rias legais com flexibilidade para tirar mais dias;2285‚Ç¨/m√™s (32 000‚Ç¨);2285‚Ç¨/m√™s;32 000‚Ç¨
https://www.reddit.com/r/PTOrdenado/comments/1720u5n/data_analyst/;IT / Programa√ß√£o;;Mestrado em Data Analytics;;Uni√£o de Facto;;Sector Privado - Consultoria;Porto;;;Consultora de Data Analytics;;;8h √†s 5h flex√≠vel;;22 dias de f√©rias legais + 4 dias extras;2150‚Ç¨/m√™s (30 100‚Ç¨);2150‚Ç¨/m√™s;30 100‚Ç¨
https://www.reddit.com/r/PTOrdenado/comments/171nyfk/pasteleiro/;Hotelaria / Restaura√ß√£o;31;P√≥s-gradua√ß√£o em Inova√ß√£o em Artes e Ci√™ncias Gastron√≥micas.;;Solteiro;0;Sector Privado - Hotelaria;Lisboa;;Sim;Pasteleiro 2¬™;2;40;8h √†s 17h. (Na teoria üôÇ);N√£o;22 dias de f√©rias legais + 2 dias extras + feriados trabalhados (1:1);¬±1450‚Ç¨/m√™s;;
https://www.reddit.com/r/PTOrdenado/comments/171fbuc/full_stack_web_developer/;IT / Programa√ß√£o;26;Diploma in Full Stack Software Development [https://codeinstitute.net/global/](https://codeinstitute.net/global/);1;Solteiro;0;Sector Privado;Madeira;75;N√£o;Programador;1;40;9h as 5h;N√£o;22 dias de f√©rias legais;1200‚Ç¨/m√™s (14 400‚Ç¨);1200‚Ç¨/m√™s;14 400‚Ç¨
https://www.reddit.com/r/PTOrdenado/comments/1719ydt/content_writer_freelancer/;Outro;31;Licenciatura;9;Uni√£o de Facto;0;Sector Privado - Marketing de Afilia√ß√£o;V√°rios clientes, Am√©rica do Norte e EU;;;Senior Content Writer (freelancer);5;25;100% flex√≠vel;N√£o;Se n√£o trabalhar, n√£o ganho. Geralmente tiro 4 semanas por ano;3,600‚Ç¨ / 43,000‚Ç¨ (em m√©dia);;
https://www.reddit.com/r/PTOrdenado/comments/1717gqr/site_reliability_engineer/;IT / Programa√ß√£o;;Licenciatura em Engenharia Inform√°tica;;Solteiro;;Sector Privado - Software as a Service;Lisboa;;;Site Reliability Engineer;;;9h √†s 18h flex√≠vel;;22 dias de f√©rias legais + dia do anivers√°rio + \~5 dias extras por ano oferecidos pela empresa;4071‚Ç¨/m√™s (57 000‚Ç¨);4071‚Ç¨/m√™s;57 000‚Ç¨
https://www.reddit.com/r/PTOrdenado/comments/170xwnt/tsdt_radiologia/;;;Licenciatura;;Solteiro;;Privado;Sao miguel, A√ßores;;;T√©cnico;;;Turnos;;22 dias de f√©rias legais;1200‚Ç¨/m√™s (16800);1200‚Ç¨/m√™s;16800
https://www.reddit.com/r/PTOrdenado/comments/170vp3i/engenheiro_de_infraestrutura_ti/;IT / Programa√ß√£o;43;Licenciatura em Gest√£o de Sistemas;25;Casado;1;Sector Privado - Ind√∫stria;Lisboa / Global;1500;Sim;Engenheiro de Infraestrutura;2;40;9-5;N√£o;22 dias de f√©rias legais + 6 dias extra;4428‚Ç¨/m√™s (62 000‚Ç¨);4428‚Ç¨/m√™s;62 000‚Ç¨
https://www.reddit.com/r/PTOrdenado/comments/170tpad/analista_de_dados/;IT / Programa√ß√£o;26;Mestrado em Engenharia Inform√°tica;3;Solteiro;0;Sector Privado - Consultoria;Portugal (Remote);250;Sim;Analista de dados;3;40;9h as 6h flex√≠vel;N√£o;22 dias de f√©rias legais;~2600‚Ç¨/m√™s (37000‚Ç¨);;
https://www.reddit.com/r/PTOrdenado/comments/170t3lo/operador_supermercado/;Retalho / Logista;;No √∫ltimo ano de Licenciatura em Gest√£o;;Solteiro;;Retalho;Lisboa;;;Operador Especializado;;;Turnos mas geralmente com um hor√°rio relativamente fixo;;22 dias de f√©rias legais + 6 dias extras (28);750‚Ç¨/m√™s (10 500‚Ç¨);750‚Ç¨/m√™s;10 500‚Ç¨
https://www.reddit.com/r/PTOrdenado/comments/170sij8/it_security_engineer/;IT / Programa√ß√£o;31;Licenciatura em Cyber Security Management;2;Solteiro;1;Sector Privado;UK;1300;N√£o;IT Security Engineer;2;37;Flex√≠vel (8:30 √†s 17 por norma);N√£o;26 + anivers√°rio (+1 dia por cada ano de trabalho at√© aos 35);3260/39100;;
https://www.reddit.com/r/PTOrdenado/comments/170q2or/marketing_tv/;Marketing / Publicidade;27;Mestrado Integrado em Arquitetura/ Licenciatura Design Gr√°fico;2;Solteiro;0;Sector Privado - Marketing - TV;Lisboa / Espanha / Reino Unido;;Sim;Marketing Manager - Freelancer / Operador de c√¢mara - Freelancer;2;85;Muito flex√≠vel em marketing e depende como operador de c√¢mara;N√£o;0;4000 mil brutos(marketing - remoto) ~2000 mil brutos (operador de c√¢mara);;
https://www.reddit.com/r/PTOrdenado/comments/170ne45/data_scientist_luxemburgo/;IT / Programa√ß√£o;24;Licenciatura matem√°tica (a fazer mestrado ci√™ncia computadores);3;Solteiro;0;Sector Privado - Sat√©lites;Luxemburgo;2000;Sim;Data Scientist;1;40;contrato das 9h √†s 18h mas na realidade muito flex√≠vel porque a minha equipa est√° toda em USA;N√£o;24 dias de f√©rias legais;4460‚Ç¨/m√™s (58 000‚Ç¨);4460‚Ç¨/m√™s;58 000‚Ç¨
https://www.reddit.com/r/PTOrdenado/comments/170l95l/outsystems_lead/;IT / Programa√ß√£o;27;Licenciatura Ci√™ncias Humanas + PG;4;Solteiro;0;Sector Privado - Consulting;Lisboa;1000;Sim;Consultor Inform√°tico;2;44;9h √†s 19h/18h;N√£o;34 (22 + 12 extra (compensam o hor√°rio));2835‚Ç¨/m√™s (34020‚Ç¨);2835‚Ç¨/m√™s;34020‚Ç¨
https://www.reddit.com/r/PTOrdenado/comments/170hmar/gestor_de_marca_sector_t√™xtil/;Gest√£o de Projetos;28;licenciatura em gest√£o;7;Casado;1;ind√∫stria t√™xtil;Beira interior;400;N√£o;Gestor de marca;2;;;;22 dias de f√©rias legais;1.100/m√™s;;
https://www.reddit.com/r/PTOrdenado/comments/170eusv/enfermeira/;Sa√∫de / Farmaceutica;31;Licenciatura;9;Solteiro;1;Setor privado;Zona Oeste;1000;Sim;Enfermeira Internamento m√©dico-cir√∫rgico;3;40;Turnos rotativos;N√£o;22 dias de f√©rias legais;"1515/m√™s (18180‚Ç¨) ao qual acresce complemento de turno de 6% mais ""horas penosas"" ficando um total de aproximadamente 2000‚Ç¨ brutos + entre 200-400 euros horas extra (recibos verdes)";1515/m√™s;"18180‚Ç¨) ao qual acresce complemento de turno de 6% mais ""horas penosas"" ficando um total de aproximadamente 2000‚Ç¨ brutos + entre 200-400 euros horas extra (recibos verdes"
https://www.reddit.com/r/PTOrdenado/comments/170aglq/phd_student/;Educa√ß√£o;28;Mestrado Integrado em Engenharia F√≠sica;4;Solteiro;0;Universidade p√∫blica;Copenhaga;5000;N√£o;PhD Student;2;37;9-18h;N√£o;30 dias;;;
https://www.reddit.com/r/PTOrdenado/comments/170a57j/mobile_developer/;IT / Programa√ß√£o;28;CET em Administra√ß√£o de Sistemas (min√∫scula relev√¢ncia);4;Solteiro;0;Sector Privado;Porto (Remote);;Sim;Mobile Developer;6;40;9h as 17h flex√≠vel;N√£o;22 dias de f√©rias legais + 3 dias extras;2295‚Ç¨ (\*14);;
https://www.reddit.com/r/PTOrdenado/comments/17053fe/operador_telecomunica√ß√µes/;T√©cnico;33;Estudante Licenciatura Educa√ß√£o;;Solteiro;0;Sector P√∫blico - Emerg√™ncia e Prote√ß√£o Civil;Nacional;500;N√£o;Operador Telecomunica√ß√µes;;35;Turnos 12h;N√£o;22 dias de f√©rias legais;1311‚Ç¨/m√™s (18 362‚Ç¨);1311‚Ç¨/m√™s;18 362‚Ç¨
https://www.reddit.com/r/PTOrdenado/comments/1703zc7/empregado_de_armaz√©m/;Retalho / Logista;41;Curso Profissional T√©cnico de Inform√°tica N√≠vel III (Equival√™ncia ao 12¬∞ ano);20;Uni√£o de Facto;2;Sector Privado - Venda a retalho de cabos de a√ßo e correntes para gruas/navios;Lisboa;6;Sim;Empregado de Armaz√©m;3;40;das 9h √°s 18h (n√£o!);N√£o;22 dias de f√©rias legais + 3 dias absentismo;940‚Ç¨;;
https://www.reddit.com/r/PTOrdenado/comments/170184y/frontend_developer_f/;IT / Programa√ß√£o;;Licenciatura em Tecnologias Web;;Uni√£o de Facto;;Sector Privado - Fintech;Porto;;;Frontend Developer;;;10h as 18h flex√≠vel;;22 dias de f√©rias legais + 3 dias extras;2571‚Ç¨/m√™s (36000‚Ç¨);2571‚Ç¨/m√™s;36000‚Ç¨
https://www.reddit.com/r/PTOrdenado/comments/17002d3/enfermeiro_veterin√°rio/;Sa√∫de / Farmaceutica;33;Licenciatura em enfermagem veterinaria;7;uni√£o de facto;1;Cl√≠nica veterinaria de pequenos (maioritariamente c√£o/gato);Grande Porto;6;N√£o;Enfermeiro veterin√°rio;6;40;8 horas corridas, flex√≠veis conforme conveni√™ncia na clinica;N√£o;22 dias de f√©rias legais;1100‚Ç¨/m√™s;;
https://www.reddit.com/r/PTOrdenado/comments/16zzcvk/trabalhador_de_fabrico_produtos_congelados/;Ind√∫stria / Operac√µes;49;9¬∞ ano;3;casado;1;Sector Privado - Alimentar;Alentejo;50;N√£o;Preparador Produtos Congelados;3;40;;N√£o;22 dias de f√©rias legais;;;
https://www.reddit.com/r/PTOrdenado/comments/16zsl9n/talhante/;Retalho / Logista;34;;6;Solteiro;0;Sector Privado - Supermercado Cidade/Regi√£o do Empregador: Aveiro;Aveiro;80;N√£o;Oficial de 2a.;6;40;"3 turnos rotativos semanalmente por 4 pessoas. 6:30/15:30 ; 9/18 ; 13/22.";N√£o;22 dias de f√©rias legais + at√© 3 dias extras.;860‚Ç¨/10320‚Ç¨;;
https://www.reddit.com/r/PTOrdenado/comments/16zs9y9/comprador_s√©nior_global_global_category_manager/;Finan√ßas;34;Mestrado em Gest√£o;12;Casado;0;Sector Privado;Lisboa;1000;Sim;Comprador S√©nior Global (Procurement);2;40;9h as 18h flex√≠vel;N√£o;22 dias de f√©rias legais + 1 ou 2 dias extras;4.500‚Ç¨/m√™s (62.000‚Ç¨);;
https://www.reddit.com/r/PTOrdenado/comments/16zocob/militar/;Seguran√ßa P√∫blica;23;N/A;2;Solteiro;0;Setor p√∫blico / seguran√ßa;Almada;3000;N√£o;2¬∫ Marinheiro Fuzileiro;2;40;9h as 5h flex√≠vel;Sim;22 dias de f√©rias legais;1065‚Ç¨/m√™s (14910‚Ç¨);1065‚Ç¨/m√™s;14910‚Ç¨
https://www.reddit.com/r/PTOrdenado/comments/16zn358/software_engineering_manager/;IT / Programa√ß√£o;;Mestrado em Engenharia de Inform√°tica;;Casado;;Sector Privado - Logistica;Brazil;;;Software Engineering Manager;;;;;22 dias de f√©rias legais + 3 dias extras;4525,34‚Ç¨/m√™s (63 354.76‚Ç¨);4525,34‚Ç¨/m√™s;63 354.76‚Ç¨
https://www.reddit.com/r/PTOrdenado/comments/16zllnn/vide√≥grafo_it_manager/;IT / Programa√ß√£o;;Mestrado en Cinematografia;;Solteiro;;Sector Privado - IT / Cybersecurity;Madrid, Espanha;;;Vide√≥grafo / IT Manager (sem algumas das responsabilidades que um IT Manager normalmente tem);;;Supostamente √© das 9h √†s 18h com 1h de almo√ßo, mas chego sempre √†s 9h50/10h, almo√ßo em 20/30 minutos e saio √†s 18h10/18h15.;;22 dias de f√©rias legais. √Äs vezes tenho que viajar e se perder um dia de fim de semana, por exemplo, devolvem-mo em f√©rias.;3500‚Ç¨/m√™s (42.000‚Ç¨);3500‚Ç¨/m√™s;42.000‚Ç¨
https://www.reddit.com/r/PTOrdenado/comments/16zkuxc/cloud_infrastructure_engineer/;IT / Programa√ß√£o;30;Licenciatura em Engenharia Inform√°tica;8;Solteiro;0;Sector Privado ‚Äì Startup - IA;Portugal;20;N√£o;Cloud Infrastructure Engineer;;40;9h as 5h super flex√≠vel;N√£o;22 dias de f√©rias legais + 5 dias extras;2700‚Ç¨/m√™s (\~40k‚Ç¨);;
https://www.reddit.com/r/PTOrdenado/comments/16zjh7j/tsdt_terapeuta/;Sa√∫de / Farmaceutica;;Licenciatura e p√≥s gradua√ß√£o;;Uni√£o de Facto;;IPSS;Distrito Porto;;;Terapeuta;;;9h as 5h (n√£o √© flex√≠vel);;22 dias de f√©rias legais;1200‚Ç¨/m√™s (16800);1200‚Ç¨/m√™s;16800
https://www.reddit.com/r/PTOrdenado/comments/16zhune/enterprise_architect/;IT / Programa√ß√£o;30;Mestrado em Engenharia Inform√°tica;6;Uni√£o de Facto;1;Sector Privado - Banca/Institui√ß√µes financeiras;Lisboa;4000;N√£o;Arquiteto Empresarial;2;35;9h as 5h flex√≠vel;N√£o;22 dias de f√©rias legais + 3 dias extras;2826‚Ç¨/m√™s (39564‚Ç¨);2826‚Ç¨/m√™s;39564‚Ç¨
https://www.reddit.com/r/PTOrdenado/comments/16z2y4u/chef_de_cozinha/;Hotelaria / Restaura√ß√£o;31;Bacharelato;10;casado;2;Hotelaria / Multinacional;Lisboa;400;Sim;Chef executivo banquetes;6;40;m√©dia de 10/12 horas por dia;N√£o;22 dias de ferias legais + dias de recupera√ß√£o para gastar as horas a mais;3300/m√™s (46,200‚Ç¨ );3300/m√™s;46,200‚Ç¨
https://www.reddit.com/r/PTOrdenado/comments/16yrzdd/frontend_developer/;IT / Programa√ß√£o;25;Licenciatura na √°rea da inform√°tica (n√£o √© engenharia);2;Solteiro;0;Sector Privado - Fintech;Porto;;Sim;Software Engineer (apesar desse nome, efetivamente s√≥ fa√ßo frontend);1;40;9h as 5h flex√≠vel;N√£o;22 dias de f√©rias legais + 3 dias extra + dia de anos + possibilidade de acrescentar 3 dias com benef√≠cios flex;1500‚Ç¨/m√™s (21 000‚Ç¨);1500‚Ç¨/m√™s;21 000‚Ç¨
https://www.reddit.com/r/PTOrdenado/comments/16yp97f/project_manager/;Gest√£o de Projetos;;Mestrado Integrado em Engenharia Electrot√©cnica e de Computadores, P√≥s-gradua√ß√£o em Gest√£o de Projectos;;Solteiro;;Sector Privado - IT;Lisboa;;;Project Manager;;;9h as 6h flex√≠vel;;25 dias de f√©rias legais + 5 dias extras;2800‚Ç¨/m√™s (39200‚Ç¨);2800‚Ç¨/m√™s;39200‚Ç¨
https://www.reddit.com/r/PTOrdenado/comments/16yoz1s/s√©nior_software_developer/;IT / Programa√ß√£o;25;Licenciatura Multim√©dia;5;Solteiro;0;Sector Privado - Software;Aveiro;;Sim;S√©nior software Developer;1;40;;N√£o;22 dias de f√©rias legais;2500‚Ç¨/m√™s (35000‚Ç¨);2500‚Ç¨/m√™s;35000‚Ç¨
https://www.reddit.com/r/PTOrdenado/comments/16yowmt/engenheiro_mec√¢nico_engenheiro_de_processo_e/;Engenharia;33;Mestrado em Engenharia Mec√¢nica;;Solteiro;0;Sector Privado - Ind√∫stria Autom√≥vel;Aveiro;600;Sim;Engenheiro de Processo e Produto;1;40;8h30 as 17h30;N√£o;22 dias de f√©rias legais;2200‚Ç¨/m√™s (30800‚Ç¨);2200‚Ç¨/m√™s;30800‚Ç¨
https://www.reddit.com/r/PTOrdenado/comments/16ynf2g/financial_controller_business_analyst/;Finan√ßas;29;Licenciatura em gest√£o, mestrado em finan√ßas;8;Solteira;0;Industrial- Shared service center;Porto;15;Sim;Financial Controller & Business Analyst;4;40;8h as 5h, n√£o √© flex√≠vel;;22 dias de f√©rias legais;2900‚Ç¨/m√™s (40 600‚Ç¨);2900‚Ç¨/m√™s;40 600‚Ç¨
https://www.reddit.com/r/PTOrdenado/comments/16y5n4g/engenheiro_mec√¢nico_√°rea_moldes_injec√ß√£o/;Engenharia;34;Mestrado integrado em Engenharia mec√¢nica;10;Uni√£o de Facto;2;Sector Privado - Ind√∫stria Petro-Qu√≠mica;concelho do distrito porto;100;N√£o;Engenheiro produ√ß√£o;5;40;;N√£o;22 dias de f√©rias legais;1800‚Ç¨/m√™s (21 440);1800‚Ç¨/m√™s;21 440
https://www.reddit.com/r/PTOrdenado/comments/16xtzb1/engenheira_de_software_embebido/;IT / Programa√ß√£o;;Mestrado em Engenharia Electrotecnica e Computadores;;Divorciada;;Sector Privado - Ind√∫stria Autom√≥vel;Braga;;;Engenheira de Software Embebido S√©nior;;;9h √°s 6h (1h de almo√ßo), flex√≠vel;;22 dias de f√©rias legais;3100‚Ç¨/m√™s (43400‚Ç¨);3100‚Ç¨/m√™s;43400‚Ç¨
https://www.reddit.com/r/PTOrdenado/comments/16xsuvi/backend_engineer/;IT / Programa√ß√£o;;Mestrado Integrado em Engenharia Inform√°tica;;Solteiro;;Inserido num grupo banc√°rio;Portugal;;;Software Engineer (Backend);;;* Flex√≠vel mas que n√£o seja completamente incompat√≠vel com quem faz das 9h √†s 5h;;22 dias de f√©rias legais;5857‚Ç¨/m√™s (82 000‚Ç¨);5857‚Ç¨/m√™s;82 000‚Ç¨
https://www.reddit.com/r/PTOrdenado/comments/16xsn80/frontend_developer/;IT / Programa√ß√£o;34;Licenciatura em Engenharia Inform√°tica;6;Casado;0;Sector Privado;Lisboa;1675;Sim;Frontend Developer;1;40;Flex√≠vel;N√£o;22 dias de f√©rias legais + 5 dias extras;\~3.600‚Ç¨/m√™s (50 000‚Ç¨);;
https://www.reddit.com/r/PTOrdenado/comments/16xrty7/engenheiro_inform√°tico_senior_product_owner/;IT / Programa√ß√£o;36;Licenciatura em Engenharia Inform√°tica (por terminar);14;Casado;1;Sector Privado - Ind√∫stria Inform√°tica;Italia;1000;Sim;Senior Product Owner;1;40;8h as 5h flex√≠vel;N√£o;22 dias de f√©rias legais;3200‚Ç¨/m√™s (45 000‚Ç¨);3200‚Ç¨/m√™s;45 000‚Ç¨
https://www.reddit.com/r/PTOrdenado/comments/16xqw0e/programador_e_operador_de_cnc_edms/;IT / Programa√ß√£o;27;12¬∫ a terminar EE;8;Solteiro;0;Sector Privado - Ind√∫stria de componentes met√°licos;Aveiro;350;N√£o;Programador e operador de CNC EDM's;8;40;Trabalho das 8h √†s 17h;Sim;22 dias de f√©rias legais + 5 dias extras;1095‚Ç¨/m√™s (15 330‚Ç¨);1095‚Ç¨/m√™s;15 330‚Ç¨
https://www.reddit.com/r/PTOrdenado/comments/16xi9gs/it_coordinator/;IT / Programa√ß√£o;27;12¬∫ + CET - Network Systems / IS (n√£o conclu√≠do);6;Casado;0;;Porto;200;;;4;;;N√£o;26;;;
https://www.reddit.com/r/PTOrdenado/comments/16xdslp/consultor_j√∫nior_desenvolvimento_econ√≥mico/;Consultoria;;Licenciatura na √°rea da sa√∫de;;Solteiro;;Sector Privado - Consultoria e Servi√ßos Empresariais;Porto;;;Consultor de desenvolvimento econ√≥mico;;;9h as 5h flex√≠vel;;22 dias de f√©rias legais + 7 dias extras;1415,45‚Ç¨/m√™s (16807,20‚Ç¨);1415,45‚Ç¨/m√™s;16807,20‚Ç¨
https://www.reddit.com/r/PTOrdenado/comments/16xashf/engenheiro_mec√¢nco/;Engenharia;26;Mestrado em Engenharia Mec√¢nica;3;Solteiro;0;Sector Privado - Industria Autom√≥vel;Norte;500;Sim;Engenheiro Mec√¢nico/Gest√£o Industrial;3;40;9h as 5h flex√≠vel;N√£o;22 dias de f√©rias legais;1350‚Ç¨/m√™s (18 900‚Ç¨);1350‚Ç¨/m√™s;18 900‚Ç¨
https://www.reddit.com/r/PTOrdenado/comments/16xaae4/mec√¢nico_hidr√°ulico/;T√©cnico;28;forma√ß√£o N√≠vel 4;5;casado;;Sector Privado;porto;150;Sim;t√©cnico de manuten√ß√£o;5;;n√£o;;22 dias de f√©rias legais;;;
https://www.reddit.com/r/PTOrdenado/comments/16x9x8h/frontend_developer/;IT / Programa√ß√£o;21;Licenciatura em Engenharia Inform√°tica;2;Solteiro;0;Sector Privado;Londres;50;Sim;Frontend Developer;1;45;9h as 6h + 1-2 horas depois do jantar;N√£o;22 dias de f√©rias legais;4000‚Ç¨/m√™s (48000‚Ç¨);4000‚Ç¨/m√™s;48000‚Ç¨
https://www.reddit.com/r/PTOrdenado/comments/16x3n1x/operador_cnc/;Ind√∫stria / Operac√µes;32;Licenciatura, mas nada a haver com a √°rea;5;Solteiro;0;Sector Privado;Centro Interior;80;N√£o;Operador M√°quina CNC;5;40;Turnos, das 7h-16h ou 16h-01h, rotativos todas as semanas;N√£o;22 dias de f√©rias legais;795‚Ç¨/m√™s;;
https://www.reddit.com/r/PTOrdenado/comments/16x12w2/mecatr√≥nico_autom√≥vel/;T√©cnico;47;7 Ano;32;casado;2;Sector Privado Repara√ß√£o autom√≥vel \[ Multimarca \];Lisboa;30;N√£o;Tecnico diagnostico;2;;media de 8 horas por dia mas hor√°rio flex√≠vel;N√£o;22 dias de ferias legais;1600/m√™s (19,200‚Ç¨ );1600/m√™s;19,200‚Ç¨
https://www.reddit.com/r/PTOrdenado/comments/16wz0qo/business_analyst/;Finan√ßas;24;Licenciatura Economia | Mestrado Gest√£o;2;Solteiro;0;;Porto;;;Business Analyst;2;;Das 9h as 18h ( mas hor√°rio muito flexivel);N√£o;22;;;
https://www.reddit.com/r/PTOrdenado/comments/16ww09t/operadorprogramador_cnc/;Ind√∫stria / Operac√µes;40;ensino secund√°rio;16;casado;3;Sector Privado - Ind√∫stria Moldes para inje√ß√£o de pl√°stico;Arouca;40;;operador/programador cnc;17;;8h - 17h35;;22 dias de f√©rias legais;950‚Ç¨/mes (13300‚Ç¨);;
https://www.reddit.com/r/PTOrdenado/comments/16w5h5h/operador_m√°quina_cnc/;Ind√∫stria / Operac√µes;27;Licenciatura em Gest√£o e MBA Gest√£o de Opera√ß√µes (ambos no exterior, em processo de reconhecimento em  PT);9;Solteiro;0;Sector Privado;Coimbra;40;N√£o;Operador CNC e programador CNC;1;40;8h as 17h (podendo fazer no m√°ximo 2h a mais no dia);N√£o;22 dias de f√©rias legais;857‚Ç¨/m√™s ( \~16 500‚Ç¨) (Varia, pois depende do X de horas extras);;
https://www.reddit.com/r/PTOrdenado/comments/16v8j80/t√©cnico_de_computador/;T√©cnico;29;"Licenciatura em Audiovisual; Secund√°rio em curso de Inform√°tica com Planos pr√≥prios";10;Casado;0;;Porto;;;;;;;;;1750‚Ç¨/m√™s (24500‚Ç¨);1750‚Ç¨/m√™s;24500‚Ç¨
https://www.reddit.com/r/PTOrdenado/comments/16v6nhp/controller_financeiro/;Finan√ßas;41;Licenciatura Gest√£o Empresas;17;Casado;1;;Lisboa;;;Controller;1;;Das 9h as 18h;N√£o;22;;;
https://www.reddit.com/r/PTOrdenado/comments/16utz4o/especialista_gestora_de_marca/;Marketing / Publicidade;34;Mestrado em Gest√£o;8;Uni√£o de facto;1;Sector Privado - Ind√∫stria do tabaco;Lisboa;40;Sim;Brand activation executive;6;40;9h √†s 18, com possibilidade de h√≠brido (3 escrit√≥rio, 2 casa);N√£o;22 dias de f√©rias legais;2097‚Ç¨ (29358‚Ç¨ ano com 14 meses);;
https://www.reddit.com/r/PTOrdenado/comments/16usjy7/senior_software_engineer/;IT / Programa√ß√£o;40;Mestrado em Ci√™ncia da Computa√ß√£o;;casado;2;Sector Privado;Lisbka;1000;Sim;Senior Software Engineer;2;40;Flex√≠vel;;22;5070‚Ç¨/m√™s (71000‚Ç¨);5070‚Ç¨/m√™s;71000‚Ç¨
https://www.reddit.com/r/PTOrdenado/comments/16uoc2a/m√©dico_dermatologia/;Sa√∫de / Farmaceutica;32;Medicina;7;Solteiro;0;Sector Privado;Lisboa;;;Dermatologista - Contexto privado;1;;Flex√≠vel e dependendo do preenchimento de agenda (habitualmente a come√ßar √†s 9h e a terminar nunca depois das 17-18h);N√£o;N/A;\~10 500 euros (114 000 euros/anual - H√° meses em que fa√ßo mais, outros em que fa√ßo menos - por exemplo se tirar dias de f√©rias).;;
https://www.reddit.com/r/PTOrdenado/comments/16uecml/oficial_da_marinha_mercante/;Piloto;31;Pilotagem;2;Solteiro;0;Sector Privado - Cruzeiros;Monaco;4000;Sim;2¬∞ piloto;2;56;turnos;Sim;Normalmente 4 meses;5500‚Ç¨ (apenas meses de trabalho, normalmente 8 meses por ano);;
https://www.reddit.com/r/PTOrdenado/comments/16ueaxh/uxui_designer/;IT / Programa√ß√£o;;12o ano + Curso de Design e Comunica√ß√£o Multim√©dia (2 anos);;Casado;;Sector Privado - Consultoria IT (cliente na √°rea dos seguros);Lisboa;;;UX Designer;;;*Entre as 8/9h e as 17/18h flex√≠vel;;22 dias de f√©rias legais;2300‚Ç¨/m√™s (32200‚Ç¨);2300‚Ç¨/m√™s;32200‚Ç¨
https://www.reddit.com/r/PTOrdenado/comments/16tygnj/software_developer/;IT / Programa√ß√£o;24;Licenciatura em Engenharia Inform√°tica;;Uni√£o de Facto;0;desenvolvimento de software;Caldas da rainha;100;N√£o;Engenheiro Inform√°tico;1;40;9h as 6h;Sim;22 dias de f√©rias legais + 2 (na altura do natal e anos);1900‚Ç¨/m√™s;;
https://www.reddit.com/r/PTOrdenado/comments/16txrln/cloud_infrastructure_engineer/;IT / Programa√ß√£o;34;Mestrado em Engenharia Inform√°tica;6;Uni√£o de Facto;0;Sector Privado;Porto;500;Sim;Cloud Infrastructure Engineer;1;40;Flex√≠vel;N√£o;22 dias de f√©rias legais + 10 dias extras ano;5070‚Ç¨/m√™s (71000‚Ç¨);5070‚Ç¨/m√™s;71000‚Ç¨
https://www.reddit.com/r/PTOrdenado/comments/16twb2l/gestora_de_recursos_humanos/;Recursos Humanos;;Mestrado em Gest√£o de Recursos Humanos;;Solteira;;Sector Privado - Ind√∫stria Servi√ßos;Lisboa;;;Gestora de RH;;;9h as 18h com 1,5h almo√ßo, mas h√° flexibilidade para entradas e sa√≠das;;;1650‚Ç¨/m√™s (23 100‚Ç¨);1650‚Ç¨/m√™s;23 100‚Ç¨
https://www.reddit.com/r/PTOrdenado/comments/16tveyu/produtor_musicalt√©cnico_de_som_freelancer/;Outro;32;Licenciatura em M√∫sica Popular (no Brasil) e mestrado em Produ√ß√£o e Tecnologias do Som (ULHT);;Solteiro;0;Sector Privado/ Eventos;V√°rios Contratantes em Lisboa e regi√£o metropolitana;;;T√©cnico de som em bares pra bandas diversas (locais e internacionais) e produtor musical de artistas variados (est√∫dio pr√≥prio);4;;hor√°rio esquizofr√™nico. Hoje foi das 9 as 17, amanha das 11 as 20, sexta das 19 as 3, sabado das 12 as 20...;N√£o;0 (recibos verdes);10 a 20‚Ç¨/h (10 a 16k /ano);;
https://www.reddit.com/r/PTOrdenado/comments/16tuav5/junior_software_engineer/;IT / Programa√ß√£o;23;Licenciatura Engenharia Inform√°tica;;Solteiro;0;Sector Privado - Desenvolvimento de Software;Coimbra;2000;N√£o;Junior Software Engineer;1;40;9h √†s 18h flex√≠vel;;22 dias de f√©rias;1700‚Ç¨/m√™s (23 500‚Ç¨);1700‚Ç¨/m√™s;23 500‚Ç¨
https://www.reddit.com/r/PTOrdenado/comments/16tt0an/data_analyst/;IT / Programa√ß√£o;28;Mestrado Gest√£o Empresas;2;Solteira;0;;Lisboa;;N√£o;Data analyst;1;40;;N√£o;22;1620‚Ç¨/m√™s 22k/ano;;
https://www.reddit.com/r/PTOrdenado/comments/16tomje/product_designer_midlevel/;IT / Programa√ß√£o;;Licenciatura em Design;;Casado;;Sector Privado - IT;Sede em Lisboa - Empresa multinacional;;;Product Designer;;;Flex√≠vel (remoto) mas √† partida das 9h √†s 17h;;22 dias de f√©rias legais + 5 dias extras;2000‚Ç¨/m√™s (28.000‚Ç¨);2000‚Ç¨/m√™s;28.000‚Ç¨
https://www.reddit.com/r/PTOrdenado/comments/16tnpk4/compliance_officer/;Banca / Inst. Financeiras;29;Mestrado em Direito Internacional;6;Solteiro;0;Sector Privado / banca;lisboa;65;N√£o;Compliance officer;4;8;8.30h-16.30h;;25 + anivers√°rio;1.900‚Ç¨ aprox. (26.249,12‚Ç¨).;;
https://www.reddit.com/r/PTOrdenado/comments/16tmewk/software_developer/;IT / Programa√ß√£o;29;Licenciado em Engenharia Informatica;7;;0;Sector Privado;Porto;1000;Sim;software Developer;1;40;9h √†s 18h;N√£o;24 dias de f√©rias legais + dia de anivers√°rio;2500 m√™s;;
https://www.reddit.com/r/PTOrdenado/comments/16tknra/gestor_de_marca_e_produto/;Marketing / Publicidade;36;Licenciatura em Comunica√ß√£o Aplicada;12;Casaso;1;Editora do sector livreiro;Lisboa/Porto;;Sim;Gestor de Marca e Produto;12;37;9h as 5:30h flex√≠vel;N√£o;22 dias de f√©rias legais + 3 dias extras;2114‚Ç¨/m√™s (29596‚Ç¨);2114‚Ç¨/m√™s;29596‚Ç¨
https://www.reddit.com/r/PTOrdenado/comments/16tjy8n/professor_de_m√∫sica/;Educa√ß√£o;26;Licenciatura em M√∫sica, ramo de performance art√≠stica, mestrado no estrangeiro na mesma √°rea n√£o foi reconhecido em Portugal.;3;Solteiro;0;Sector Privado - Educa√ß√£o;Alto minho;15;N√£o;Professor de instrumento, teoria musical e AEC.;2;23;Tardes, 14:30h - 19:30h;N√£o;0 (recibos verdes);1000‚Ç¨-1050‚Ç¨/m√™s (+-11000‚Ç¨/ano);;
